Workbook

Sheet Sales Funnel Dashboard
A1: SUNNYSEEEDS ACADEMY - SALES FUNNEL DASHBOARD
A2: Updated: May 19, 2026
A4: PROGRAM: | B4: PRESCHOOL | C4: STORYSPARKS | D4: WEEKEND PLAYSCHOOL | E4: PRIMARY DAYCARE | F4: TOTAL
A6: ━━━ STAGE 1: LEAD CAPTURE ━━━
A7: Total Leads (Inquiries) | F7: =SUM(B7:E7) -> 0
A8: → Organic Leads | F8: =SUM(B8:E8) -> 0
A9: Target Leads | F9: =SUM(B9:E9) -> 0
A10: Variance vs Target | B10: =IF(B9=0,0,(B8-B9)/B9) -> 0 | C10: =IF(B9=0,0,(C8-C9)/C9) -> 0 | D10: =IF(B9=0,0,(D8-D9)/D9) -> 0 | E10: =IF(B9=0,0,(E8-E9)/E9) -> 0 | F10: =IF(F9=0,0,(F8-F9)/F9) -> 0
A11: → Paid Leads | F11: =SUM(B9:E9) -> 0
A12: → Partnership/Referral
A14: ━━━ STAGE 2: TOUR/INTERVIEW ━━━
A15: School Tours Completed | F15: =SUM(B13:E13) -> 0
A16: Tour-to-Interview Conversion % | F16: =IF(SUM(B13:E13)>0,SUM(B15:E15)/SUM(B13:E13),0) -> 0
A17: Target Tours
A18: Tour Variance % | B18: =IF(B17=0,0,(B16-B17)/B17) -> 0 | C18: =IF(B17=0,0,(C16-C17)/C17) -> 0 | D18: =IF(B17=0,0,(D16-D17)/D17) -> 0 | E18: =IF(B17=0,0,(E16-E17)/E17) -> 0 | F18: =IF(F17=0,0,(F16-F17)/F17) -> 0
A19: Interviews Conducted | F19: =SUM(B15:E15) -> 0
A21: ━━━ STAGE 3: OFFER ━━━
A22: Target Interviews | F22: =SUM(B22:E22) -> 0
A23: Interview Variance % | B23: =IF(B22=0,0,(B21-B22)/B22) -> 0 | C23: =IF(B22=0,0,(C21-C22)/C22) -> 0 | D23: =IF(B22=0,0,(D21-D22)/D22) -> 0 | E23: =IF(B22=0,0,(E21-E22)/E22) -> 0 | F23: =IF(F22=0,0,(F21-F22)/F22) -> 0
A24: Offer Letters Sent | F24: =SUM(B18:E18) -> 0
A25: Interview-to-Offer Conversion %
A27: ━━━ STAGE 4: ENROLLMENT ━━━
A28: Target Offers | F28: =SUM(B28:E28) -> 0
A29: Offer Variance % | B29: =IF(B28=0,0,(B27-B28)/B28) -> 0 | C29: =IF(B28=0,0,(C27-C28)/C28) -> 0 | D29: =IF(B28=0,0,(D27-D28)/D28) -> 0 | E29: =IF(B28=0,0,(E27-E28)/E28) -> 0 | F29: =IF(F28=0,0,(F27-F28)/F28) -> 0
A30: Enrollments Completed (this period) | F30: =SUM(B22:E22) -> 0
A31: Offer-to-Enrollment Conversion %
A33: ━━━ END-TO-END FUNNEL METRICS ━━━
A34: Total Leads (all sources) | B34: =B8 -> 0 | C34: =C8 -> 0 | D34: =D8 -> 0 | E34: =E8 -> 0 | F34: =SUM(B26:E26) -> 0
A35: Total Enrollments (all stages combined) | F35: =SUM(B27:E27) -> 0
A36: Target Enrollments | F36: =SUM(B36:E36) -> 0
A37: Enrollment Variance % | B37: =IF(B36=0,0,(B35-B36)/B36) -> 0 | C37: =IF(B36=0,0,(C35-C36)/C36) -> 0 | D37: =IF(B36=0,0,(D35-D36)/D36) -> 0 | E37: =IF(B36=0,0,(E35-E36)/E36) -> 0 | F37: =IF(F36=0,0,(F35-F36)/F36) -> 0
A38: Overall Lead-to-Enrollment Rate % | F38: =IF(F26>0,F27/F26,0) -> 0
A41: ━━━ DROP-OFF ANALYSIS ━━━
A42: Leads Not Proceeding to Tour
A43: Tours to Interviews Drop-off % | F43: =IF(SUM(B13:E13)>0,1-SUM(B15:E15)/SUM(B13:E13),0) -> 0
A44: Interviews to Offers Drop-off % | F44: =IF(SUM(B15:E15)>0,1-SUM(B18:E18)/SUM(B15:E15),0) -> 0
A45: Offers to Enrollments Drop-off % | F45: =IF(SUM(B18:E18)>0,1-SUM(B22:E22)/SUM(B18:E18),0) -> 0

Sheet Charts & Analytics
A1: SUNNYSEEEDS ACADEMY - SALES FUNNEL ANALYTICS
A60: KEY INSIGHTS & ACTION ITEMS
A62: RED FLAGS
A63: ✓ Drop-off % > 30% at any stage
A64: ✓ Variance < -10% vs target
A65: ✓ Conversion rate declining month-over-month
A67: OPTIMIZATION
A68: ✓ Increase leads when conversion > target
A69: ✓ Improve tours when interview rate < 50%
A70: ✓ Follow up on offers within 3 days
A72: MONTHLY REVIEW
A73: ✓ Update targets based on actuals
... A75: ✓ Adjust forecast if conversion rate changes > 5%

Sheet Monthly Tracking
A1: MONTHLY ENROLLMENT TRACKING
A3: Month | B3: Preschool 1 | C3: Preschool 2 | D3: StorySparks | E3: Weekend Playschool | F3: Primary Daycare | G3: Fitness program
A4: Jan 2026
A5: Feb 2026
A6: Mar 2026
A7: Apr 2026
A8: May 2026
A9: Jun 2026
A10: TOTAL 6-MONTH | B10: =SUM(B4:B9) -> 0 | C10: =SUM(C4:C9) -> 0 | D10: =SUM(D4:D9) -> 0 | E10: =SUM(E4:E9) -> 0 | F10: =SUM(F4:F9) -> 0 | G10: =SUM(G4:G9) -> 0

Sheet KPI Dashboard
A1: SUNNYSEEEDS ACADEMY - KPI DASHBOARD
A3: LEAD GENERATION
A4: Total Leads | B4: = | C4: Target | D4: Variance
A5: Preschool | B5: ='Sales Funnel Dashboard'!B8 -> 0 | D5: =IF(C5=0,0,(B5-C5)/C5) -> 0
A6: StorySparks | B6: ='Sales Funnel Dashboard'!C8 -> 0 | D6: =IF(C6=0,0,(B6-C6)/C6) -> 0
A7: Weekend Playschool | B7: ='Sales Funnel Dashboard'!D8 -> 0 | D7: =IF(C7=0,0,(B7-C7)/C7) -> 0
A8: Primary Daycare | B8: ='Sales Funnel Dashboard'!E8 -> 0 | D8: =IF(C8=0,0,(B8-C8)/C8) -> 0
A10: TOUR COMPLETION
A11: School Tours Completed | B11: = | C11: Target | D11: Variance
A12: Preschool | B12: ='Sales Funnel Dashboard'!B16 -> 0 | D12: =IF(C12=0,0,(B12-C12)/C12) -> 0
A13: StorySparks | B13: ='Sales Funnel Dashboard'!C16 -> 0 | D13: =IF(C13=0,0,(B13-C13)/C13) -> 0
A14: Weekend Playschool | B14: ='Sales Funnel Dashboard'!D16 -> 0 | D14: =IF(C14=0,0,(B14-C14)/C14) -> 0
A15: Primary Daycare | B15: ='Sales Funnel Dashboard'!E16 -> 0 | D15: =IF(C15=0,0,(B15-C15)/C15) -> 0
A17: INTERVIEW RATE
A18: Interviews Conducted | B18: = | C18: Target | D18: Variance
A19: Preschool | B19: ='Sales Funnel Dashboard'!B19 -> 0 | D19: =IF(C19=0,0,(B19-C19)/C19) -> 0
A20: StorySparks | B20: ='Sales Funnel Dashboard'!C19 -> 0 | D20: =IF(C20=0,0,(B20-C20)/C20) -> 0
A21: Weekend Playschool | B21: ='Sales Funnel Dashboard'!D19 -> 0 | D21: =IF(C21=0,0,(B21-C21)/C21) -> 0
A22: Primary Daycare | B22: ='Sales Funnel Dashboard'!E19 -> 0 | D22: =IF(C22=0,0,(B22-C22)/C22) -> 0
A24: OFFER RATE
A25: Offer Letters Sent | B25: = | C25: Target | D25: Variance
A26: Preschool | B26: ='Sales Funnel Dashboard'!B27 -> 0 | D26: =IF(C26=0,0,(B26-C26)/C26) -> 0
A27: StorySparks | B27: ='Sales Funnel Dashboard'!C27 -> 0 | D27: =IF(C27=0,0,(B27-C27)/C27) -> 0
A28: Weekend Playschool | B28: ='Sales Funnel Dashboard'!D27 -> 0 | D28: =IF(C28=0,0,(B28-C28)/C28) -> 0
A29: Primary Daycare | B29: ='Sales Funnel Dashboard'!E27 -> 0 | D29: =IF(C29=0,0,(B29-C29)/C29) -> 0
A31: ENROLLMENT RATE
A32: Enrollments Completed | B32: = | C32: Target | D32: Variance
A33: Preschool | B33: ='Sales Funnel Dashboard'!B35 -> 0 | D33: =IF(C33=0,0,(B33-C33)/C33) -> 0
A34: StorySparks | B34: ='Sales Funnel Dashboard'!C35 -> 0 | D34: =IF(C34=0,0,(B34-C34)/C34) -> 0
A35: Weekend Playschool | B35: ='Sales Funnel Dashboard'!D35 -> 0 | D35: =IF(C35=0,0,(B35-C35)/C35) -> 0
A36: Primary Daycare | B36: ='Sales Funnel Dashboard'!E35 -> 0 | D36: =IF(C36=0,0,(B36-C36)/C36) -> 0
A39: OVERALL FUNNEL HEALTH
A40: Lead-to-Enrollment Rate % | B40: ='Sales Funnel Dashboard'!F45 -> 0 | D40: =IF(C40=0,0,(B40-C40)/C40) -> 0
A41: Total Monthly Enrollments | B41: ='Sales Funnel Dashboard'!F35 -> 0 | D41: =IF(C41=0,0,(B41-C41)/C41) -> 0

Sheet 6-Month Forecast
A1: ENROLLMENT FORECAST - 6 MONTHS
A3: Metric | B3: Jan | C3: Feb | D3: Mar | E3: Apr | F3: May | G3: Jun
A4: Preschool Enrollments
A5: StorySparks Enrollments
A6: Weekend Playschool Enrollments
A7: Primary Daycare Enrollments
A8: MONTHLY TOTAL | B8: =SUM(B4:B7) -> 0 | C8: =SUM(C4:C7) -> 0 | D8: =SUM(D4:D7) -> 0 | E8: =SUM(E4:E7) -> 0 | F8: =SUM(F4:F7) -> 0 | G8: =SUM(G4:G7) -> 0
A10: CONVERSION RATE ASSUMPTIONS
A11: Lead-to-Tour %
A12: Tour-to-Interview %
A13: Interview-to-Offer %
A14: Offer-to-Enrollment %
